{"cameraMode":{"drawMode":0,"name":"Shaded","section":"Shading Mode"},"sceneLighting":false,"audioPlay":false,"sceneViewState":{"m_AlwaysRefresh":false,"showFog":true,"showSkybox":true,"showFlares":true,"showImageEffects":true,"showParticleSystems":true,"showVisualEffectGraphs":true,"m_FxEnabled":true},"in2DMode":false,"pivot":{"x":2.4595131874084474,"y":0.40163445472717287,"z":41.735923767089847},"rotation":{"x":0.1290115863084793,"y":0.8213242292404175,"z":-0.20518383383750916,"w":0.5164188146591187},"size":6.968925952911377,"orthographic":false}